SecStr,ASA_pct,dMW,dChg,dARM,dHydro,dVdwV,dSASA,totalE,dTmC
1,10.7,50,0,1,-0.063,17,47,4.376,-5.9
1,24.19,-92,0,-1,-0.264,-74,-120,1.012,-24.9
1,10.91,-76,0,-1,-0.384,-68,-108,3.643,-21
1,24.92,-57,0,0,0.365,-47,-77,0.428,3.5
2,0.8,-18,0,0,0.205,0,-20,-0.575,3.7
1,66.87,23,0.5,0.5,-0.071,22,38,1.314,0.7
1,62.72,-60,0,0,-0.122,-57,-93,0.866,-12.1
1,53.07,10,0,0,0.352,17,25,8.86,-5.2
2,58.05,-42,0,0,-0.327,-57,-73,1.632,-15.1
2,0,42,0,0,0.324,57,107,9.033,3
4,91.61,90,0,1,0.499,87,165,1.453,-5.7
2,66.11,2,-0.5,0,0.23,-7,2,1.946,-3.8
4,1.41,-26,0,0,-0.095,-23,-38,3.065,-3.2
3,22.7,-23,-0.5,-0.5,0.071,-22,-38,-1.449,1
1,30.74,-19,-0.5,0.5,0.165,-30,-45,3.768,-7
3,51.44,-28,0,0,0.283,-13,-29,0.033,-0.1
2,0.5,-16,0.5,0,-0.321,-13,-24,-0.438,-5.6
3,2.5,-44,1,0,0.588,-24,-39,0.343,-10.7
4,31.13,-42,0,0,-0.327,-57,-70,1.257,-8.7
2,10.21,-28,0,0,-0.209,-38,-50,0.253,-4.5
1,67.13,-71,0,0,0.25,-66,-134,1.102,3.7
4,28.84,58,-1,0,-0.473,43,96,7.203,-8.7
2,2.36,-28,1,0,0.331,-18,-26,-0.145,-13.6
3,10.11,-71,-1,0,0.218,-87,-157,4.245,-3
2,24.41,57,1,0,-0.333,68,100,-0.997,8.4
4,48.09,-2,0,0,0.375,12,15,0.651,-0.1
1,71.42,-16,0,0,0.257,-6,-13,0.181,-1
2,0.16,15,1,0,-0.66,11,30,6.085,-13.7
4,11.68,-27,0,0,0.123,-23,-33,3.868,-8
4,33.95,1,-1,0,-0.208,-5,-7,-0.68,-5.5
1,1.5,-28,0,0,-0.209,-38,-50,0.808,-11.9
4,87.44,-2,1,0,0.915,33,31,-0.037,-0.3
2,1.37,16,-0.5,0,0.321,13,24,4.275,-6
2,13.9,-106,0,-1,-0.379,-93,-177,8.845,-17.9
3,49.66,1,-1,0,-0.208,-5,-7,1.848,-0.6
4,0.06,-57,0,0,0.365,-47,-77,1.416,8.5
1,26.35,-92,0,-1,-0.264,-74,-120,5.744,-10.7
2,0,-42,0,0,-0.327,-57,-70,5.5,0.6
1,11.48,-1,0,0,0.707,28,27,-3.904,17.2
1,0,16,-0.5,0,0.321,13,24,1.068,0.5
1,38,-42,0,0,-0.327,-57,-73,1.977,-0.5
4,54.37,-25,-1,0,0.738,-24,-36,0.369,-3.1
1,5.41,13,1,0,0.223,23,38,-3.334,11.1
3,62.53,-85,-1,0,0.616,-81,-129,-0.977,0.2
2,8.61,22,1.5,0.5,0.137,27,45,-3.778,5.6
2,3.93,-14,0,0,-0.118,-19,-20,7.389,-8.5
3,86,58,-1,1.5,0.595,28,50,0.324,-3.4
2,36.56,32,0,0,-0.087,19,43,1.129,-12.6
3,22.34,-14,0,0,-0.118,-19,-20,5.295,-14.6
1,0.43,-16,0,0,0.257,-6,-13,-1.496,-0.4
2,43.14,-28,0,0,-0.209,-38,-50,0.991,-4.4
1,0,-44,0,0,0.051,-45,-92,4.541,-15.8
2,44.88,27,2,0,-0.043,39,58,-0.23,16
4,68.98,-1,1,0,0.208,5,7,-0.052,-3
3,0,-16,0,0,0.257,-6,-13,0.079,0.1
2,0,-48,0,-1,-0.175,-30,-58,3.694,-12.1
3,45.62,106,0,1,0.379,93,177,-1.847,-5.5
2,0.5,-4,0.5,0,0.145,19,13,-4.169,0.8
1,0.25,-60,0,0,-0.122,-57,-93,2.657,-4.2
2,3.96,-43,0,0,0.38,-29,-46,1.553,-8.6
2,2.76,-16,0,0,0.12,-6,-12,0.744,-6
3,81.45,42,0,0,0.324,57,107,2.002,-0.1
4,9.81,-58,1,0,0.473,-43,-96,1.755,-12.7
2,0,-14,0,0,-0.118,-19,-23,1.975,-4.7
1,44.82,-57,-1,0,0.333,-68,-100,0.484,-4.4
1,0.09,42,0,0,0.327,57,70,16.509,0.5
1,4.61,-2,0,0,0.375,12,15,-0.492,-4.7
1,1.5,2,0,0,-0.375,-12,-15,0.797,-5.7
4,4.99,-43,0,0,0.38,-29,-46,1.841,0.7
1,79.3,-28,0,0,0.283,-13,-29,0.745,-0.34
2,21.25,-42,0,0,-0.327,-57,-70,2.414,-9.1
3,60.18,-43,0,0,0.38,-29,-46,1.012,-3.3
4,57.37,28,0,0,-0.283,13,29,-0.514,1
2,2.79,-16,0,0,-0.232,-34,-32,14.3,-12.2
4,31.22,-43,0,0,0.38,-29,-46,2.355,-5.3
1,18.99,-1,0,0,0.707,28,27,-4.92,20
1,0.33,-42,0,0,-0.327,-57,-70,2.068,-11.7
2,60.57,-42,0,0,-0.327,-57,-70,0.646,0.3
3,7.53,-23,-0.5,-0.5,0.071,-22,-38,5.012,-22.2
3,65.72,14,0,0,0.015,18,32,-0.116,0
1,0,34,0,1,0.057,11,35,1.482,-7.7
2,45.84,-15,-1,0,0.66,-11,-27,-1.588,9.6
1,63.1,19,0,1,0.749,21,31,-0.521,-0.5
3,74.38,-57,-1,0,0.333,-68,-100,-0.129,-0.3
4,87.44,16,1,0,0.71,33,54,-0.14,4
4,11.68,1,-1,0,-0.208,-5,-7,3.668,-5.2
1,0,-39,0,-0.5,0.122,-28,-42,2.287,-7.5
1,28.4,-26,0,0,-0.095,-23,-38,2.298,-0.6
3,8.26,22,1.5,0.5,0.137,27,45,-0.143,-7.2
2,8.61,32,1,1,0.972,44,69,-5.222,10
1,86.49,-57,-1,0,0.333,-68,-100,-0.17,-0.8
4,72.93,64,0,1,0.055,36,70,-1.223,-4.7
2,21.25,-14,0,0,-0.118,-19,-20,0.947,-0.5
4,0,1,-1,0,-0.208,-5,-6,-0.124,14.1
1,77.22,10,0,0,0.352,17,25,-0.265,1
4,87.44,32,1,1,0.972,44,69,-1.037,-0.4
2,31.07,-16,0,0,0.12,-6,-12,0.496,-0.2
3,37.56,12,0,0,0.493,31,38,1.842,-5
4,9.81,-16,1,0,0.797,14,11,0.884,-12.2
3,43.71,14,0,0,0.115,19,57,15.866,-17.2
1,30.57,-58,1,0,0.573,-42,-71,-0.144,0.04
3,63.88,-14,-1,0,-0.047,-39,-54,0.578,-4.1
1,68.87,26,0,0,0.095,23,38,-0.872,0.2
3,36.59,-92,0,-1,-0.264,-74,-120,3.25,-9
4,0.29,-30,0,0,0.166,-26,-35,0.348,-4.9
1,0,-14,0,0,-0.118,-19,-23,1.16,-14.8
3,35.9,-38,-0.5,-0.5,0.66,-13,-34,1.04,-10
4,0.43,-12,0,0,-0.493,-31,-38,3.547,-13.1
1,4.83,14,0,0,0.115,19,57,-0.801,0.9
4,50.14,-80,-0.5,-0.5,0.336,-70,-141,2.272,-8.1
3,41.94,0,1,0,0.032,21,23,1.161,0.8
1,3.64,14,0,0,0.118,19,23,-0.668,4.9
2,8.61,41,2,0,-0.028,57,90,-0.528,9
1,35.66,-16,1,0,0.9,15,-1,-1.909,9.7
4,1.41,-10,0,0,-0.352,-17,-25,3.65,-4.1
3,64.7,-115,0,-1.5,-0.262,-96,-150,1.624,-5.7
4,47.5,4,0,0,-0.261,3,-3,0.471,0.6
1,13.14,-66,-0.5,-0.5,0.451,-51,-84,5.643,-7.7
1,7.8,26,0,0,0.095,23,38,11.685,-12.4
3,22.34,0,0,0,0,0,3,3.408,-9.3
2,8.61,14,0,0,0.015,18,32,-0.167,-0.8
2,0,6,-0.5,0,-0.031,-4,-1,4.561,3.9
2,8.93,-1,1,0,0.208,5,6,-1.89,-5.9
3,17.89,-12,0,0,-0.466,-32,-37,0.614,0.6
1,50.49,-26,0.5,0,0.637,-23,-34,-0.372,-0.9
1,48.52,-27,-1,0,0.167,-42,-65,-1.121,-10
1,0.85,26,0,0,0.584,51,57,7.437,-7.6
1,0,14,0,0,0.118,19,20,-2.748,19
3,0.13,129,0,1.5,0.377,115,207,-5.114,4.8
1,53.86,-1,1,0,0.208,5,6,-0.106,11.2
3,4.35,69,1,0,-0.359,75,116,3.126,-4
1,6.55,-16,0,0,0.12,-6,-12,0.063,6.7
4,33.95,-27,0,0,0.123,-23,-33,0.713,-5
1,10.48,-39,0,-0.5,0.122,-28,-42,2.219,-7
3,30.58,-18,0,0,0.205,0,-20,1.818,0
4,0.43,34,0,1,0.057,11,35,1.004,-6.5
1,53.08,0,1,0,0.032,21,23,-0.068,3.4
3,23.63,30,0,0,-0.142,25,70,5.197,-4.4
3,61.77,-16,0,0,0.257,-6,-13,0.237,-24.4
1,30.88,14,0,0,0.115,19,57,-0.041,7
1,11,-57,-1,0,0.825,-43,-79,-0.302,0.62
4,39.93,-30,0,0,0.142,-25,-70,0.162,0.1
3,0.85,-16,0.5,0,-0.321,-13,-24,-0.217,11.3
2,10.75,-16,0.5,0,-0.321,-13,-24,-1.664,0.2
1,0,36,0.5,0.5,-0.285,25,49,-3.549,-8
3,39.68,-60,0,0,-0.122,-57,-93,0.286,-1
4,51.84,-9,-0.5,-0.5,0.086,-4,-7,1.196,0.1
1,67.57,-57,-1,0,0.333,-68,-100,0.315,-5.2
1,0.44,-24,-0.5,-0.5,0.778,6,-14,4.41,-16.98
1,27.84,-16,0,0,0.12,-6,-12,-0.064,30
1,79.21,-85,-1,0,0.616,-81,-129,-0.332,-5.4
4,2.64,-2,0.5,0,-0.23,7,-2,-3.181,1
2,26.95,16,0,0,-0.257,6,13,0.989,-4
1,0,2,0,0,-0.375,-12,-15,2.287,-9.5
2,26.95,28,0,0,0.209,38,50,-0.548,7.7
2,32.63,16,0,0,0.232,34,32,-5.258,13.9
3,44.45,27,0,0,-0.123,23,33,0.991,-0.1
3,63.05,19,-1,1,0.717,0,8,-2.699,-0.5
4,2.32,-43,0,0,0.38,-29,-46,0.235,-8.1
4,22.69,-44,1,0,0.588,-24,-39,1.039,0
2,9.23,-39,0,-0.5,0.122,-28,-42,3.129,-23.6
4,86.2,-66,-0.5,-0.5,0.451,-51,-84,0.203,0.1
2,0.8,-30,0,0,-0.288,-31,-58,-0.74,7.6
2,3.4,22,1.5,0.5,0.137,27,45,-5.014,0.1
2,0.07,-10,0,0,-0.352,-17,-25,3.82,-4.3
2,0,42,0,0,0.327,57,70,7.49,5
3,0.13,42,0,0,0.324,57,107,-0.909,4.3
1,58.48,-57,-1,0,0.333,-68,-100,0.146,1
2,0.33,14,0,0,0.118,19,23,1.653,0.3
2,2.36,-1,1,0,0.208,5,7,-0.213,-13.8
1,42.19,99,1,0,-0.501,100,186,-0.204,-17
4,70.75,-40,0,0,-0.21,-42,-95,2.054,-5.5
1,10.7,73,0,1.5,-0.065,39,77,2.858,-8
2,21.49,-18,0,0,0.205,0,-23,-0.722,-3.2
3,63.01,-85,-1,0,0.616,-81,-129,-0.186,-3.9
4,58.11,-14,0,0,-0.091,-20,-22,-0.177,0.3
3,4.38,-57,-1,0,0.333,-68,-100,1.867,-5.8
3,26.79,-16,1,0,0.9,15,-1,-0.864,12.8
2,0.13,2,0,0,-0.375,-12,-15,2.326,-14
1,74.41,-85,-1,0,0.616,-81,-129,0.671,-0.9
2,24.59,-14,0,0,-0.091,-20,-22,0.366,-5.5
4,29.73,14,0,0,0.115,19,57,4.764,-9.6
4,16.73,-43,0,0,0.38,-29,-46,1.158,-0.7
2,3.62,-39,0,-0.5,0.122,-28,-42,1.609,-6.8
3,49.43,14,0,0,0.115,19,57,0.297,-0.9
2,0,-56,0,0,-0.442,-76,-130,8.823,-15.7
3,67.38,-28,0,0,0.283,-13,-29,-0.636,0.6
2,8.61,-2,1,0,0.915,33,34,-2.203,9.6
3,76.23,-48,-1,-1,-0.852,-50,-81,0.619,14.5
2,0,-34,0,-1,-0.057,-11,-38,3.431,-11.1
3,47.34,-58,1,0,0.573,-42,-71,-0.407,-14.7
2,20.73,-50,0,-1,0.063,-17,-50,3.802,-13.3
4,11.68,-43,0,0,0.38,-29,-46,3.386,-7.6
4,0,-57,0,0,0.365,-47,-77,2.216,-9.1
4,64.09,-12,0,0,-0.466,-32,-37,2.711,0.5
3,75.39,-58,1,0,0.573,-42,-71,0.341,0.4
3,58.4,-57,0,0,0.365,-47,-77,0.143,3.5
3,39.72,-14,-1,0,-0.047,-39,-54,-0.695,10.7
2,18.58,-9,0.5,-0.5,0.118,17,16,1.138,-0.3
1,5.49,-39,0,-0.5,0.122,-28,-42,1.36,0.4
1,0.23,-16,0,0,0.12,-6,-12,0.356,0
1,36.99,-2,0,0,0.375,12,15,-1.071,1
4,14.15,1,0,0,-0.707,-28,-24,0.423,3.2
1,30.46,-16,0,0,0.257,-6,-13,0.37,-11.9
2,58.85,1,-1,0,-0.208,-5,-6,0.526,-0.8
3,6.27,12,0,0,0.493,31,38,2.488,4
4,80.48,-1,2,0,0.24,26,29,-0.081,3.1
2,0.39,2,0,0,-0.375,-12,-15,2.015,-6
1,0,13,0,0,-0.214,3,11,2.132,-16.7
4,36.26,-16,0,0,0.257,-6,-13,-0.517,-4.6
1,4.57,-15,-1,0,0.66,-11,-27,-1.141,40
3,35.1,-26,0,0,-0.095,-23,-38,-0.099,-11.3
3,73.02,1,-1,0,-0.208,-5,-7,0.252,-0.2
2,0.07,12,0,0,0.493,31,38,1.611,-5.8
2,51.15,-12,0.5,0,0.652,-5,-2,-0.152,13.3
1,10.7,2,-1,0,-0.915,-33,-34,5.756,-8.5
2,17.31,-27,-1,0,0.167,-42,-65,-0.168,-1
4,72.58,-50,0,-1,0.063,-17,-50,2.241,-0.7
1,4.57,-15,-1,0,0.66,-11,-30,-0.323,40
3,17.51,76,0,1,0.384,68,108,0.461,-6.6
2,10.21,-42,0,0,-0.324,-57,-107,1.131,-5.2
2,8.61,-2,1,0,0.915,33,31,-1.357,8.7
4,64.09,2,0,0,-0.375,-12,-15,-0.172,0.5
1,0.77,26,-0.5,0.5,0.715,23,36,-1.772,10
3,90.09,99,1,0,-0.501,100,186,-1.623,0.8
4,77.22,-58,1,0,0.573,-42,-71,0.335,-0.8
4,87.44,-58,1,0,0.473,-43,-96,-1.192,11.6
2,0.13,-28,0,0,-0.209,-38,-50,2.77,-12.5
1,10.7,34,0,1,0.057,11,35,4.925,-3
1,55.08,32,-0.5,0,0.064,19,37,2.29,-3.6
3,38.63,-60,0,0,-0.122,-57,-93,0.147,-3.5
3,59.59,27,2,0,-0.043,39,58,1.055,-0.5
2,22.42,16,0,0,-0.12,6,12,-0.119,3.4
4,82.01,19,-1,1,0.717,0,8,-0.854,0.6
3,69.52,25,1,0,-0.738,24,36,1.542,10.4
3,47.44,-30,0,0,0.166,-26,-35,1.281,-0.2
2,0,-57,-1,0,0.333,-68,-100,1.228,4.2
3,23.75,2,0,0,-0.375,-12,-15,1.346,-3.2
1,0,-30,0,0,0.166,-26,-35,1.344,-7
3,60.18,-27,0,0,0.123,-23,-33,-0.333,4
4,31.22,-57,0,0,0.265,-48,-103,1.511,6.4
3,7.44,-14,0,0,-0.115,-19,-57,2.179,-17.7
2,0,-16,0.5,0,-0.321,-13,-24,0.195,-11.2
3,64.7,-39,0,-0.5,0.122,-28,-42,0.779,-0.6
4,19.39,2,-0.5,0,0.23,-7,2,3.374,0.5
4,89.81,44,0.5,1,0.32,49,71,-2.146,-4.9
2,0.8,-32,0,0,0.087,-19,-43,1.611,7.6
3,64.67,-99,-1,0,0.501,-100,-186,1.273,-7.1
1,35.77,16,0,0,-0.12,6,12,0.274,0.5
3,51.84,99,1,0,-0.501,100,186,4.851,-0.9
1,0.25,-32,0,0,0.087,-19,-43,3.089,-3.6
1,67.57,-71,-1,0,0.218,-87,-157,1.445,-10.8
2,0.33,14,0,0,0.118,19,23,1.313,1
1,42.49,18,-1,0,-0.683,1,1,0.435,-1
1,34.03,-28,0,0,-0.209,-38,-50,1.059,-4.7
1,60.84,-42,0,0,-0.327,-57,-70,1.062,-4.6
1,0.43,76,0,1,0.521,68,107,22.018,-8.1
2,0,-16,0.5,0,-0.321,-13,-24,-0.932,-5.4
3,37.56,2,-0.5,0,0.23,-7,2,3.089,-5.3
3,29.34,-99,-1,0,0.501,-100,-186,1.593,-0.8
4,20.64,-16,0,0,0.12,-6,-12,-1.176,-0.2
1,33.13,-60,0,0,-0.122,-57,-93,-4.896,-22.3
3,35.07,-85,-1,0,0.616,-81,-129,0.152,-20.8
2,72.39,-50,0,-1,0.063,-17,-50,0.563,0.2
2,68.98,-57,0,0,0.365,-47,-77,0.238,-0.6
4,87.44,13,2,0,0.255,44,61,-0.617,5.9
4,0.94,14,-1,0,-0.422,-2,4,4.311,-15.7
1,22.71,-14,0,0,-0.091,-20,-22,0.804,0.97
3,21.73,14,0,0,0.115,19,57,9.637,-13.1
2,6.5,-16,0,0,0.12,-6,-12,0.066,3.4
3,105.6,-18,0,0,0.205,0,-23,-0.521,-0.46
1,57.85,-16,0,0,0.257,-6,-13,-0.308,0.98
3,53.62,14,0,0,0.115,19,57,2.049,-7.3
3,48.95,-85,-1,0,0.616,-81,-129,0.5,-10
3,81.8,-1,2,0,0.24,26,29,-0.255,-0.9
1,31.31,-57,-1,0,0.333,-68,-100,-0.849,-8.4
2,0,-76,0,-1,-0.384,-68,-108,5.909,-9.5
3,76.23,-64,0,-1,-0.055,-36,-70,1.411,5
2,0.94,-60,-0.5,-1,-0.2,-55,-83,7.268,-9.6
1,32.05,-53,-1.5,0,0.68,-62,-92,3.412,-11.1
2,0.05,-42,0,0,-0.327,-57,-70,6.012,-0.1
3,34.18,16,0,0,0.232,34,32,0.169,-4.6
2,7.07,12,0,0,0.493,31,38,-0.734,-3.6
1,46.53,-14,0,0,-0.118,-19,-20,0.89,-5.7
3,22.5,30,0,0,-0.166,26,35,2.667,-13.7
1,5.41,-58,1,0,0.473,-43,-96,-0.812,4.6
2,26.22,18,1,1,0.957,26,37,-5.515,-5.3
3,28.67,-16,0,0,0.257,-6,-13,-0.479,0.2
1,14.35,-40,-0.5,-0.5,0.546,-28,-46,0.153,5.6
2,39.42,-115,0,-1.5,-0.262,-96,-150,5.082,-9.6
4,66.74,-26,0,0,-0.095,-23,-38,0.927,-3.2
3,59.59,-32,1,0,0.668,-19,-33,-0.299,0.5
2,16.49,-30,1,0,0.782,-4,-21,2.808,-0.6
3,80.07,-16,0,0,0.12,-6,-12,-0.671,0.9
4,0.07,-16,0.5,0,-0.321,-13,-24,-1.467,-13
2,0.39,-12,0,0,-0.466,-32,-37,3.274,-11
3,6.27,-2,0,0,0.375,12,15,0.292,4.2
2,37.72,-58,1,0,0.573,-42,-71,0.752,-5.5
3,51.77,-30,0,0,0.166,-26,-35,0.776,-4
2,67.29,-27,-2,0,0.043,-39,-58,0.842,-17.8
3,86,19,-1,1,0.717,0,8,-0.671,0
4,72.93,38,0.5,0.5,-0.66,13,34,-0.635,-5.9
2,0.2,14,0,0,0.118,19,23,7.74,-6.2
1,47.78,-26,0,0,-0.095,-23,-38,1.498,-9.8
3,1.17,14,0,0,0.118,19,23,0.641,-0.3
4,79.44,-43,0,0,0.38,-29,-46,0.077,-1
1,0.25,-18,0,0,0.205,0,-23,0.329,0.3
4,15.78,-42,0,0,-0.327,-57,-73,1.928,-0.2
1,0.44,2,-1,0,-0.915,-33,-31,6.38,-17.9
4,14.88,30,0,0,-0.166,26,35,2.762,-5.5
2,8.61,13,2,0,0.255,44,61,-1.88,7.6
2,23.55,-16,0,0,0.257,-6,-13,0.45,5.9
3,105.6,-3,1,0,-0.455,11,7,-0.379,0.65
1,26.79,-58,1,0,0.573,-42,-71,-0.244,-11.2
2,0.16,-42,0,0,-0.327,-57,-70,1.528,-15.6
1,0,27,1,0,-0.167,42,65,3.93,-17.5
2,25.94,-69,-1,0,0.359,-75,-116,1.24,-5.2
3,47.59,-57,-1,0,0.333,-68,-100,0.267,-3
2,1.65,42,0,0,0.324,57,107,38.136,-21.1
4,46.89,10,-0.5,0.5,0.835,17,24,0.071,17
2,72.39,-16,0,0,0.12,-6,-12,-0.235,0.8
4,84.15,23,0.5,0.5,-0.071,22,38,-0.33,-1
1,0,14,0,0,0.118,19,23,0.462,-0.2
4,50.76,-44,0,0,0.051,-45,-92,1.981,-4.3
3,34.6,-26,0,0,-0.095,-23,-38,1.801,-5.5
2,66.11,-2,0,0,0.375,12,15,-1.358,-0.6
3,80.46,1,-1,0,-0.208,-5,-7,0.575,-0.49
1,47.88,-18,1,0,0.683,-1,-1,5.893,-6.9
3,0.85,-2,0.5,0,-0.23,7,-2,-2.111,7.9
1,0.22,46,0,1,0.55,42,73,1.963,-7.6
1,0.33,15,0,0,-0.692,-10,7,0.973,-19
1,50.81,64,0,1,0.055,36,70,-0.412,-6.2
3,2.84,-16,0,0,-0.232,-34,-32,12.773,-34.3
4,26.68,-2,0,0,0.375,12,15,0.532,0.5
1,17.7,-1,1,0,0.208,5,7,-1.809,6.8
4,93.06,-27,-2,0,0.043,-39,-58,0.217,3.1
3,51.77,-2,0,0,0.375,12,15,2.503,-4
1,0,-28,0,0,-0.209,-38,-50,0.684,-36.8
2,10.58,-16,0,0,0.12,-6,-12,-0.161,-3.9
4,95.37,-85,-1,0,0.616,-81,-129,-0.392,0.2
3,80.07,-50,0,-1,0.063,-17,-50,0.021,0.5
4,86.63,19,-1,1,0.717,0,8,0.588,-3.5
2,37.46,-16,0,0,0.257,-6,-13,1.444,-3.2
2,2.11,0,0,0,0,0,-3,-0.256,-0.8
4,11.45,-44,1,0,0.588,-24,-39,0.311,-16
4,62.11,-1,2,0,0.24,26,29,-0.14,3.6
3,27.2,-56,0,0,-0.442,-76,-127,3.781,-9.1
1,5.49,-23,0,-0.5,0.002,-22,-30,0.585,-5.4
2,0,-42,0,0,-0.327,-57,-70,4.592,-11.5
1,3.9,58,-1,0,-0.573,42,71,3.219,-6.8
1,0,27,0,0,-0.199,21,42,3.641,-12.4
1,0.45,-10,0.5,-0.5,-0.835,-17,-24,4.007,-53
4,20.64,-50,0,-1,0.063,-17,-50,2.052,-12
3,12.35,-23,0,-0.5,0.002,-22,-30,3.494,-12.5
1,50.81,30,-1,0,-0.782,4,21,-0.101,-9.9
2,0,-56,0,0,-0.442,-76,-130,7.12,-20.8
3,41.82,12,0,0,0.493,31,38,2.392,-3
4,68.77,-80,-0.5,-0.5,0.336,-70,-141,0.044,7.3
3,56.33,2,1,0,0.695,15,22,-0.478,10
4,87.44,41,2,0,-0.028,57,90,-0.34,5.3
3,3.74,-16,0,0,0.12,-6,-12,0.871,-4
4,87.44,-2,1,0,0.915,33,34,3.871,-5.3
2,67.29,-28,0,0,0.283,-13,-29,-0.722,-0.8
1,18.3,-106,0,-1,-0.379,-93,-177,5.992,-15.6
2,36.97,-42,0,0,-0.327,-57,-73,2.092,-10.9
4,0.43,-42,0,0,-0.327,-57,-73,2.67,-11.6
1,49.57,18,1,1,0.957,26,37,-0.732,-5
3,72.46,-66,-0.5,-0.5,0.451,-51,-84,1.105,1
1,44.55,-1,1,0,0.208,5,7,0.104,-3.1
1,1.64,-16,0,0,-0.232,-34,-32,16.108,-38.2
2,40.61,14,0,0,0.091,20,22,0.16,0.5
2,38.69,-15,0,0,0.692,10,-7,-1.209,4
4,19.39,12,0,0,0.493,31,38,0.867,-4.2
3,51.77,-14,0,0,-0.091,-20,-22,-0.02,-0.4
4,62.43,-14,0,0,-0.115,-19,-57,1.027,0.5
3,105.6,-16,-1,0,-0.71,-33,-54,-0.435,3.08
4,72.58,-16,0,0,0.12,-6,-12,-0.315,0.3
4,0,-18,0,0,0.205,0,-23,2.675,-5.9
2,1.65,14,0,0,0.115,19,57,5.388,-13.3
1,27.2,-26,0,0,-0.095,-23,-38,0.998,0.2
1,0,-28,0,0,-0.209,-38,-50,0.363,0.3
1,5.49,-49,0.5,-1,-0.713,-45,-66,4.253,-3.3
2,28.39,-57,0,0,0.365,-47,-77,1.567,-5.5
3,52.36,-26,0,0,-0.095,-23,-38,1.471,-9
1,45.11,-1,1,0,0.208,5,6,-0.271,7.9
1,20.38,18,1,1,0.957,26,37,-1.621,-13.3
3,0,-42,0,0,-0.327,-57,-73,-2.946,-7
4,87.44,-18,1,0,0.683,-1,-1,12.662,-9.8
2,0,32,-0.5,0,0.064,19,37,1.816,-6.6
2,3.53,2,-0.5,0,0.23,-7,2,1.147,15
2,22.32,-34,0,-1,-0.057,-11,-38,-0.973,-7.3
2,0,-16,0,0,0.12,-6,-12,0.613,-6.4
4,62.31,-28,-1,0,0.251,-34,-52,-1.566,-0.4
1,10.7,-56,0,0,-0.442,-76,-130,5.146,-5.8
2,17.31,-29,-1,0,0.542,-30,-50,-1.424,4
4,87.03,50,0,1,0.289,45,70,0.065,-0.2
3,18.25,-26,0.5,-0.5,-0.715,-23,-36,1.568,0.8
4,0.94,-14,0,0,-0.091,-20,-22,1.445,-7.8
2,67.29,-85,-1,0,0.616,-81,-129,0.705,-12
1,4.57,3,-1,0,0.455,-11,-7,-1.024,40
2,0,-42,0,0,-0.327,-57,-70,5.253,-11.8
2,35.44,-71,-1,0,0.218,-87,-157,3.848,-6.3
5,0,2,0,0,-0.375,-12,-15,2.47,-15
2,20.73,-16,0,0,0.12,-6,-12,-0.289,-5.8
2,23.84,-43,0,0,0.38,-29,-46,2.027,-15.8
2,0.46,4,-0.5,0,-0.145,-19,-13,5.796,0.1
2,0,-32,0.5,0,-0.064,-19,-37,-0.462,-11.2
3,0,16,0,0,-0.257,6,13,-1.108,-10.7
2,36.56,48,0,1,0.175,30,58,-0.682,-13.5
3,17.66,58,-1,0,-0.473,43,96,4.686,0.1
3,105.6,-74,0,0,-0.237,-76,-150,0.241,-0.19
4,19.39,-2,0,0,0.375,12,15,1.738,1
1,68.84,19,-1,1,0.717,0,8,-1.7,-0.6
3,37.46,73,0,1.5,-0.065,39,77,-1.056,-4.5
2,17.19,-34,0,-1,-0.057,-11,-38,1.742,-14.1
1,0,-2,0,0,0.375,12,15,1.137,0.9
4,87.44,14,0,0,0.015,18,32,-0.107,6.2
3,55.47,-30,1,-1.5,-0.878,-15,-21,1.679,-3.67
2,8.61,-44,1,0,0.588,-24,-39,-2.354,9.2
2,36.56,14,0,0,0.118,19,20,-0.21,-4.5
1,10.7,0,0,0,0,0,-3,0.671,0.9
1,50.06,-31,0,0,0.46,-24,-39,6.806,-7.6
2,54.59,-43,-1,0,0.943,-24,-59,-1.188,-6.3
1,16.69,16,0,1,0.262,11,15,-0.125,-5.8
1,68.87,30,0,0,-0.166,26,35,0.376,0.16
2,0.16,43,1,0,-0.943,24,59,8.185,-16.1
4,33.95,-43,0,0,0.38,-29,-46,0.116,-5.2
2,22.36,42,0,0,0.324,57,107,9.91,-19.6
1,54.2,-44,1,0,0.588,-24,-39,0.437,-1
1,52.14,-85,-1,0,0.616,-81,-129,-0.364,0.5
3,62.08,-57,-1,0,0.333,-68,-100,-0.788,0.6
1,0.64,-16,0.5,0,-0.321,-13,-24,0.272,-5
1,36.09,-16,0,0,0.257,-6,-13,-0.212,-0.3
2,30.45,2,0,0,-0.375,-12,-15,1.132,-4.6
1,0.25,-18,0,0,0.205,0,-20,3.068,-3.9
1,24.57,-66,-0.5,-0.5,0.451,-51,-84,2.212,-11.6
2,58.54,-2,0,0,0.375,12,15,-0.167,0
4,4.81,-14,0,0,-0.118,-19,-23,-0.053,4
1,9.92,-10,0.5,-0.5,-0.835,-17,-24,1.714,-11.3
3,34.18,-10,0,0,-0.352,-17,-25,1.889,-6.4
1,0,-30,0,0,0.166,-26,-35,-3.739,4
3,14.69,-43,0,0,0.38,-29,-46,0.225,-29
3,10.02,-28,0,0,-0.209,-38,-50,2.019,-8
2,3.4,32,1,1,0.972,44,69,2.876,-4.6
3,51.77,14,-1,0,-0.422,-2,4,1.739,-3.1
2,17.31,-15,-1,0,0.66,-11,-27,-1.215,3
3,0.39,32,0,0,-0.087,19,43,-0.623,0
3,51.77,-44,0,0,0.051,-45,-92,1.541,-4.1
2,0.25,-60,0,-1,-0.641,-62,-95,3.446,0.8
2,15.46,-85,-1,0,0.616,-81,-129,0.752,-13.2
2,35.72,-76,0,-1,-0.384,-68,-108,4.44,-6
1,17.32,60,0,1,0.641,62,95,-4.381,0
1,1.03,-14,0,0,-0.118,-19,-23,0.563,-8.7
1,2.99,-76,0,-1,-0.384,-68,-108,5.061,-5
4,46.31,-43,0,0,0.38,-29,-46,-0.044,0
1,44.55,-58,1,0,0.473,-43,-96,0.812,-5.1
4,69.21,-10,0.5,-0.5,-0.835,-17,-24,-0.519,0.75
1,74.39,-43,0,0,0.38,-29,-46,0.349,0.88
1,62.73,28,-1,0,-0.407,16,36,0.021,0.7
1,5.41,-1,1,0,0.208,5,7,0.271,5.8
1,73.82,14,0,0,0.115,19,57,-0.805,0.8
4,87.44,-28,1,0,0.331,-18,-26,0.226,6
1,10.7,16,-1,0,-0.9,-15,-2,3.595,-5.7
2,36.56,-42,0,0,-0.324,-57,-107,4.291,-27.7
3,72.8,13,2,0,0.255,44,61,-2.363,4
2,13.84,-2,0,0,0.375,12,15,0.678,-0.8
1,40.32,-44,1,0,0.588,-24,-39,-1.041,3.2
2,31.08,-1,2,0,0.24,26,29,-0.565,-3.4
3,64.67,-85,-1,0,0.616,-81,-129,-0.078,-7.7
1,1.5,-12,0,0,-0.466,-32,-37,1.948,-12.9
1,23.33,-57,-1,0,0.333,-68,-100,1.722,-3.08
3,82.85,72,-1,0,-0.458,61,128,1.3,-10.1
2,0,2,0,0,-0.375,-12,-15,1.961,-16.9
3,76.23,-60,-0.5,-1,-0.2,-55,-83,1.948,12
2,0.07,-14,0,0,-0.091,-20,-22,-0.065,-0.7
1,0,12,0,0,0.493,31,38,1.323,-3.9
1,22.79,-49,0.5,-1,-0.713,-45,-66,2.302,-8.9
2,44.62,-44,1,0,0.588,-24,-39,1.162,-9.2
4,21.98,18,1,1,0.957,26,37,1.756,0
2,0,-42,0,0,-0.327,-57,-73,6.038,-9.6
1,56.84,-15,1,0,0.193,-13,-25,-0.235,-3.8
1,24.57,26,-0.5,0.5,0.715,23,36,-0.952,0.3
4,95.53,19,-1,1,0.717,0,8,-0.746,0.3
1,63.28,14,0,0,0.115,19,57,-1.094,6.7
4,54.37,-85,-1,0,0.616,-81,-129,0.613,-3.7
1,50.49,18,1,1,0.957,26,37,-1.83,-0.6
3,0.49,4,0,0,-0.261,3,-3,-0.304,0.7
3,9.24,4,-0.5,0,-0.145,-19,-13,3.608,6.8
2,22.53,69,1,0,-0.359,75,116,-0.002,8.9
2,3.72,-58,1,0,0.573,-42,-71,1.018,-5.6
2,35.51,-8,-1.5,-0.5,-0.122,-9,-13,3.201,-3.4
2,59.46,-57,-1,0,0.333,-68,-100,0.798,1
4,0,-41,0,0,0.108,-41,-64,1.772,6
1,22.79,-39,0,-0.5,0.122,-28,-42,-1.603,-11.6
1,0,12,0,0,0.493,31,35,0.375,-5.3
4,87.44,13,1,0,0.223,23,38,-0.588,10.4
1,50.26,-19,-0.5,0.5,0.165,-30,-45,0.331,-0.83
3,9.53,42,0,0,0.324,57,107,8.889,-11.1
1,19.37,-57,0,0,0.365,-47,-77,0.714,-4.1
1,2.4,-58,1,0,0.573,-42,-71,-0.083,-8.5
1,31.31,3,-1,0,0.455,-11,-7,-1.667,-7.1
3,64.42,14,0,0,0.115,19,57,-1.961,-9.2
4,0,14,0,0,0.091,20,22,2.523,-8.9
2,0,-6,0.5,0,0.031,4,1,3.904,-9.2
1,0,14,0,0,0.118,19,23,-0.468,7
2,0.38,-10,-0.5,0,-0.263,-38,-33,4.278,-14
4,106.66,-16,0,0,0.257,-6,-13,0.635,-0.2
2,20.73,-92,0,-1,-0.264,-74,-120,5.76,-24.7
1,36.22,-44,1,0,0.588,-24,-39,-0.594,-3.7
1,42.49,40,0.5,0.5,-0.546,28,46,0.37,-4
1,46.53,-42,0,0,-0.327,-57,-70,1.198,-18.1
2,1.21,-115,0,-1.5,-0.262,-96,-150,4.127,-26.4
2,40.95,-32,0.5,0,-0.064,-19,-37,-1.373,-10
3,69.5,14,0,0,0.115,19,57,-0.056,-9.7
1,84.21,13,0,0,-0.214,3,11,0.313,0.3
2,10.41,2,0,0,-0.375,-12,-15,1.628,-10.1
2,0,-14,0,0,-0.118,-19,-23,1.565,-4.1
1,53.86,-1,2,0,0.24,26,29,-0.948,12
1,10.7,-26,0,0,-0.584,-51,-60,3.894,-4.6
1,74.55,49,-0.5,1,0.713,45,66,-2.254,-8.7
2,0,-42,0,0,-0.327,-57,-73,3.763,-11.2
3,71.62,13,2,0,0.255,44,61,0.004,8
3,18.96,2,0,0,0.114,15,12,4.415,-11
2,0,14,0,0,0.118,19,23,0.679,5.8
4,56.62,-106,0,-1,-0.379,-93,-177,5.504,-10.3
2,0,14,0,0,0.115,19,57,1.526,0.3
2,36.34,-36,-0.5,-0.5,0.285,-25,-49,-0.41,-0.5
2,8.61,48,1,1,0.852,50,81,-5.273,9.6
2,8.61,-1,1,0,0.208,5,7,-1.393,5.5
1,32.05,-9,-1,1,1,-13,-21,-0.912,-15.1
2,24.41,58,-1,0,-0.573,42,71,-0.175,-5
1,38,-56,0,0,-0.442,-76,-130,3.331,3.8
2,18.27,-14,0,0,-0.118,-19,-23,1.962,-7.2
1,9.92,16,0,0,-0.12,6,12,0.053,3.4
2,3.72,-30,1,0,0.782,-4,-21,-0.291,-6.6
3,56.33,-1,1,0,0.208,5,6,-1.11,6.8
3,61.22,16,-1,0,-0.9,-15,1,2.046,-8
3,21.72,-33,0,-1,-0.764,-39,-62,2.065,4.43
3,37.56,-2,0,0,0.375,12,15,0.036,-5.4
2,26.22,-72,1,0,0.458,-61,-128,1.358,-15.2
1,27.5,16,0,0,-0.257,6,13,-1.211,0.4
1,45.05,-1,2,0,0.24,26,29,-1.202,7.6
3,28.67,-30,0,0,0.142,-25,-70,0.602,-0.4
1,38.79,0,-1,0,-0.032,-21,-23,0.775,0
1,50.54,58,-1,0,-0.573,42,71,-0.662,0.4
1,37.54,-16,0,0,0.257,-6,-13,-0.42,4.4
2,7.87,-28,0,0,-0.209,-38,-50,1.949,-16.8
1,50.81,38,0.5,0.5,-0.66,13,34,-1.844,-5.4
3,87.29,14,0,0,0.115,19,57,1.099,-10
1,0,-16,0.5,0,-0.321,-13,-24,-0.821,-5
2,51.55,-14,0,0,-0.091,-20,-22,-0.013,-3.5
1,0,16,0,0,-0.257,6,13,5.128,-5.5
4,4.01,26,-0.5,0.5,0.715,23,36,-2.588,0.5
2,29.55,-76,0,-1,-0.384,-68,-108,3.394,-11.3
1,65.31,-66,-0.5,-0.5,0.451,-51,-84,0.248,-0.2
3,13.67,-85,-1,0,0.616,-81,-129,0.917,-3.4
2,0,-76,0,-1,-0.384,-68,-108,6.637,22.4
1,82.03,16,0,0,-0.257,6,13,0.455,-6.1
3,19.26,-43,0,0,0.38,-29,-46,0.239,5.1
1,43.9,-57,-1,0,0.333,-68,-100,-0.039,-12.6
1,45.95,32,-1,0,-0.668,19,33,-0.547,-0.3
4,72.01,-16,0,0,0.257,-6,-13,0.398,-4.6
4,37.84,-42,0,0,-0.327,-57,-73,1.729,-4.4
4,26.91,-33,0,-1,-0.764,-39,-62,7.03,4.28
2,24.59,2,-0.5,0,0.23,-7,2,1.285,-3.6
2,20.33,-76,0,-1,-0.384,-68,-108,1.853,-19.6
1,49.04,-85,-1,0,0.616,-81,-129,-0.043,-7
1,0,46,0,1,0.55,42,73,-1.933,0.5
3,35.87,4,0,0,-0.261,3,-3,1.545,-4.3
4,0,16,-0.5,0,0.321,13,24,4.22,-17.9
2,36.17,-25,-0.5,0,0.429,-28,-40,3.861,4.7
2,51.53,-28,0,0,0.283,-13,-29,1.246,-0.53
4,0.94,-30,0,0,0.166,-26,-35,1.528,-14.3
2,41.9,-58,1,0,0.573,-42,-71,0.22,-6
2,36.09,99,1,0,-0.501,100,186,6.271,-0.5
2,0,-56,0,0,-0.442,-76,-127,6.69,-8.7
1,9.47,60,0,1,0.641,62,95,-3.109,-3.8
4,102.53,14,1,0,0.047,39,54,0.158,0.8
2,56.96,-30,0,0,0.166,-26,-35,0.929,-0.4
4,17.83,-26,0,0,-0.095,-23,-38,1.412,-11.2
1,22.79,-23,0,-0.5,0.002,-22,-30,-0.316,-12.1
4,50.14,-66,-0.5,-0.5,0.451,-51,-84,1.176,-0.9
2,0,-44,-0.5,-1,-0.32,-49,-71,9.407,-13
2,37.2,-30,0,0,0.142,-25,-70,1.644,-8.5
4,9.81,13,1,0,0.223,23,38,0.336,-11.6
4,72.93,29,1,0,-0.542,30,50,-0.524,-8.7
3,46.65,59,1,0,-0.711,58,91,-0.316,-5
2,0,99,1,0,-0.501,100,186,4.277,0.2
1,0,-42,0,0,-0.327,-57,-70,3.903,-11.9
2,75.75,-27,0,0,0.123,-23,-33,0.644,0.2
4,9.81,-1,1,0,0.208,5,7,-0.159,-11.7
2,7.07,2,-0.5,0,0.23,-7,2,2.151,-3.8
3,80.36,-57,-1,0,0.333,-68,-100,0.57,0.6
3,59.62,43,0,0,-0.38,29,46,0.012,0.1
4,19.39,-14,0,0,-0.091,-20,-22,-0.333,-0.5
3,65.72,-1,1,0,0.208,5,7,-0.483,0.1
3,0.25,14,0,0,0.115,19,57,2.648,-15.4
4,36.67,-19,0,-1,-0.749,-21,-31,3.671,3.78
4,23.45,-85,-1,0,0.616,-81,-129,-0.591,-4.8
1,39.72,1,-2,0,-0.24,-26,-29,-0.821,-3.2
2,2.36,-44,1,0,0.588,-24,-39,0.539,-15.2
1,5.12,-30,0,0,0.166,-26,-35,-0.778,-9
3,80.7,-57,-1,0,0.333,-68,-100,0.021,0.8
2,79,-40,0,0,-0.21,-42,-95,1.498,-10.2
3,76.23,-50,0,-1,0.063,-17,-50,-0.582,6.5
4,0.43,18,0,0,-0.205,0,20,1.113,-6
1,10.7,-12,0,0,-0.493,-31,-38,3.067,-6
2,2.99,-16,0,0,0.257,-6,-13,1.568,0.3
1,0.49,-42,0,0,-0.327,-57,-70,4.877,-22.5
1,52.02,9,-0.5,0.5,-0.118,-17,-16,0.419,-0.4
1,74.55,-66,-0.5,-0.5,0.451,-51,-84,3.218,-4.1
3,2.5,-58,1,0,0.473,-43,-96,0.992,-8.1
3,89.51,-16,0,0,0.257,-6,-13,-0.319,-0.4
1,41.23,-42,0,0,-0.327,-57,-70,0.969,-18.3
3,89.25,28,1,0,-0.251,34,52,-0.624,-0.6
4,72.93,30,-1,0,-0.782,4,21,-0.064,-4
1,0,28,0,0,0.209,38,50,6.863,3.1
2,7.55,-28,-1,0,0.251,-34,-52,0.037,9.4
2,75.34,27,0,0,-0.123,23,33,-0.45,0.5
2,36.39,-57,0,0,0.365,-47,-77,1.908,-7.5
2,3.64,14,0,0,0.118,19,23,-1.816,0.8
1,3.34,-76,0,-1,-0.384,-68,-108,4.874,-6.3
3,39.77,14,0,0,0.115,19,57,1.04,3
2,44.88,-16,1,0,0.9,15,-1,-1.398,9.1
3,72.6,16,0,0,-0.257,6,13,0.281,-0.6
1,0,2,-0.5,0,0.23,-7,2,3.727,-3.5
2,0,-14,0,0,-0.115,-19,-57,2.851,-5.4
4,9.81,-44,1,0,0.588,-24,-39,1.007,-11.9
2,3.8,-28,-1,0,0.251,-34,-52,1.804,11.6
4,62.84,-22,-1.5,-0.5,-0.137,-27,-45,0.966,-6.2
4,60.1,90,0,1,0.499,87,165,1.406,-8.5
2,8.61,71,1,1.5,0.85,72,111,-3.438,7.6
1,0,30,0,0,-0.166,26,35,2.501,-6
4,69.25,90,0,1,0.499,87,165,2.034,-10.7
2,0,12,0,0,0.466,32,37,-0.054,-0.8
4,61.41,-23,0,-0.5,0.002,-22,-30,0.086,-1
2,36.51,-99,-1,0,0.501,-100,-186,3.694,-5.7
2,0,-50,0,-1,0.063,-17,-50,7.836,-13.8
3,24.65,42,0,0,0.324,57,107,8.93,-24